Type of Travel,Home and Work Filter,Intersection Type,Zone ID,Zone Name,Zone Is Pass-Through,Zone Direction (degrees),Zone is Bi-Direction,Day Type,Day Part,Average Daily Zone Traffic (StL Index),Avg Trip Duration (sec),Avg All Trip Duration (sec),Avg Trip Length (mi),Avg All Trip Length (mi),Avg Trip Speed (mph),Avg All Trip Speed (mph),Avg All Trip Circuity,Trip Duration 0-10 min (percent),Trip Duration 10-20 min (percent),Trip Duration 20-30 min (percent),Trip Duration 30-40 min (percent),Trip Duration 40-50 min (percent),Trip Duration 50-60 min (percent),Trip Duration 60-70 min (percent),Trip Duration 70-80 min (percent),Trip Duration 80-90 min (percent),Trip Duration 90-100 min (percent),Trip Duration 100-110 min (percent),Trip Duration 110-120 min (percent),Trip Duration 120-130 min (percent),Trip Duration 130-140 min (percent),Trip Duration 140-150 min (percent),Trip Duration 150+ min (percent),Trip Length 0-1 mi (percent),Trip Length 1-2 mi (percent),Trip Length 2-5 mi (percent),Trip Length 5-10 mi (percent),Trip Length 10-20 mi (percent),Trip Length 20-30 mi (percent),Trip Length 30-40 mi (percent),Trip Length 40-50 mi (percent),Trip Length 50-60 mi (percent),Trip Length 60-70 mi (percent),Trip Length 70-80 mi (percent),Trip Length 80-90 mi (percent),Trip Length 90-100 mi (percent),Trip Length 100+ mi (percent),Trip Speed 0-10 mph (percent),Trip Speed 10-20 mph (percent),Trip Speed 20-30 mph (percent),Trip Speed 30-40 mph (percent),Trip Speed 40-50 mph (percent),Trip Speed 50-60 mph (percent),Trip Speed 60-70 mph (percent),Trip Speed 70-80 mph (percent),Trip Speed 80-90 mph (percent),Trip Speed 90+ mph (percent),Circuity 1-2 (percent),Circuity 2-3 (percent),Circuity 3-4 (percent),Circuity 4-5 (percent),Circuity 5-6 (percent),Circuity 6+ (percent)
Personal,Visitors,Trip Start,5030000000001054198,Baylor,no,N/A,no,0: All Days (M-Su),0: All Day (12am-12am),48,2680,2693,20.9,20.7,25,24,1.606,0.072,0.151,0.158,0.187,0.072,0.072,0.086,0.036,0.043,0.058,0.022,0.014,0.022,0.000,0.000,0.007,0.065,0.050,0.215,0.101,0.187,0.101,0.036,0.151,0.058,0.029,0.000,0.000,0.000,0.007,0.230,0.180,0.252,0.158,0.137,0.043,0.000,0.000,0.000,0.000,0.914,0.050,0.007,0.007,0.000,0.022
Personal,Visitors,Trip Start,5030000000001054198,Baylor,no,N/A,no,0: All Days (M-Su),1: Morning (8am-12noon),12,2580,2571,18.5,17.6,23,22,1.752,0.079,0.184,0.184,0.132,0.000,0.132,0.079,0.026,0.053,0.105,0.026,0.000,0.000,0.000,0.000,0.000,0.079,0.079,0.211,0.105,0.211,0.105,0.026,0.053,0.105,0.026,0.000,0.000,0.000,0.000,0.237,0.184,0.316,0.158,0.105,0.000,0.000,0.000,0.000,0.000,0.869,0.079,0.000,0.026,0.000,0.026
Personal,Visitors,Trip Start,5030000000001054198,Baylor,no,N/A,no,0: All Days (M-Su),2: Recreation Hours (8am-8pm),34,2462,2487,17.6,17.4,22,22,1.686,0.069,0.167,0.196,0.204,0.049,0.059,0.088,0.020,0.039,0.069,0.020,0.010,0.000,0.000,0.000,0.010,0.088,0.049,0.235,0.118,0.206,0.118,0.049,0.049,0.049,0.029,0.000,0.000,0.000,0.010,0.274,0.196,0.265,0.137,0.118,0.010,0.000,0.000,0.000,0.000,0.892,0.069,0.000,0.010,0.000,0.029
Personal,Visitors,Trip Start,5030000000001054198,Baylor,no,N/A,no,0: All Days (M-Su),3: Afternoon (12noon-4pm),9,2109,2213,14.9,15.4,23,23,1.740,0.071,0.071,0.214,0.358,0.071,0.036,0.107,0.036,0.036,0.000,0.000,0.000,0.000,0.000,0.000,0.000,0.107,0.000,0.213,0.143,0.179,0.179,0.143,0.036,0.000,0.000,0.000,0.000,0.000,0.000,0.321,0.143,0.286,0.107,0.143,0.000,0.000,0.000,0.000,0.000,0.928,0.036,0.000,0.000,0.000,0.036
Personal,Visitors,Trip Start,5030000000001054198,Baylor,no,N/A,no,0: All Days (M-Su),4: Evening (4pm-8pm),12,2610,2610,18.7,18.7,22,21,1.575,0.056,0.222,0.194,0.167,0.083,0.000,0.083,0.000,0.028,0.083,0.028,0.028,0.000,0.000,0.000,0.028,0.083,0.056,0.277,0.111,0.222,0.083,0.000,0.056,0.028,0.056,0.000,0.000,0.000,0.028,0.278,0.250,0.194,0.139,0.111,0.028,0.000,0.000,0.000,0.000,0.889,0.083,0.000,0.000,0.000,0.028
Personal,Visitors,Trip Start,5030000000001054198,Baylor,no,N/A,no,1: Weekday (M-F),0: All Day (12am-12am),27,2743,2808,19.7,19.5,22,21,1.657,0.100,0.150,0.166,0.150,0.050,0.050,0.050,0.050,0.067,0.083,0.017,0.017,0.050,0.000,0.000,0.000,0.050,0.083,0.284,0.100,0.133,0.067,0.000,0.183,0.067,0.033,0.000,0.000,0.000,0.000,0.250,0.267,0.200,0.183,0.083,0.017,0.000,0.000,0.000,0.000,0.899,0.050,0.017,0.017,0.000,0.017
Personal,Visitors,Trip Start,5030000000001054198,Baylor,no,N/A,no,1: Weekday (M-F),1: Morning (8am-12noon),10,2655,2733,18.8,18.0,22,21,1.721,0.091,0.185,0.136,0.136,0.000,0.136,0.045,0.045,0.045,0.136,0.045,0.000,0.000,0.000,0.000,0.000,0.091,0.136,0.184,0.136,0.136,0.091,0.000,0.045,0.136,0.045,0.000,0.000,0.000,0.000,0.319,0.136,0.273,0.227,0.045,0.000,0.000,0.000,0.000,0.000,0.819,0.136,0.000,0.045,0.000,0.000
Personal,Visitors,Trip Start,5030000000001054198,Baylor,no,N/A,no,1: Weekday (M-F),2: Recreation Hours (8am-8pm),21,2367,2469,15.8,15.7,20,19,1.719,0.109,0.152,0.195,0.196,0.022,0.065,0.043,0.022,0.065,0.087,0.022,0.022,0.000,0.000,0.000,0.000,0.065,0.087,0.327,0.109,0.152,0.087,0.000,0.065,0.065,0.043,0.000,0.000,0.000,0.000,0.304,0.283,0.174,0.174,0.065,0.000,0.000,0.000,0.000,0.000,0.891,0.065,0.000,0.022,0.000,0.022
Personal,Visitors,Trip Start,5030000000001054198,Baylor,no,N/A,no,1: Weekday (M-F),3: Afternoon (12noon-4pm),4,1672,2046,7.1,9.3,14,15,2.351,0.111,0.000,0.222,0.556,0.000,0.000,0.000,0.000,0.111,0.000,0.000,0.000,0.000,0.000,0.000,0.000,0.111,0.000,0.445,0.111,0.222,0.111,0.000,0.000,0.000,0.000,0.000,0.000,0.000,0.000,0.556,0.222,0.111,0.111,0.000,0.000,0.000,0.000,0.000,0.000,0.889,0.000,0.000,0.000,0.000,0.111
Personal,Visitors,Trip Start,5030000000001054198,Baylor,no,N/A,no,1: Weekday (M-F),4: Evening (4pm-8pm),7,2336,2336,16.2,16.2,20,20,1.339,0.133,0.200,0.265,0.067,0.067,0.000,0.067,0.000,0.067,0.067,0.000,0.067,0.000,0.000,0.000,0.000,0.000,0.067,0.466,0.067,0.133,0.067,0.000,0.133,0.000,0.067,0.000,0.000,0.000,0.000,0.133,0.534,0.067,0.133,0.133,0.000,0.000,0.000,0.000,0.000,1.000,0.000,0.000,0.000,0.000,0.000
Personal,Visitors,Trip Start,5030000000001054198,Baylor,no,N/A,no,2: Weekend Day (Sa-Su),0: All Day (12am-12am),103,2633,2605,21.8,21.5,27,27,1.567,0.051,0.152,0.152,0.214,0.089,0.089,0.114,0.025,0.025,0.038,0.025,0.013,0.000,0.000,0.000,0.013,0.076,0.025,0.165,0.101,0.227,0.127,0.063,0.127,0.051,0.025,0.000,0.000,0.000,0.013,0.215,0.114,0.292,0.139,0.177,0.063,0.000,0.000,0.000,0.000,0.924,0.051,0.000,0.000,0.000,0.025
Personal,Visitors,Trip Start,5030000000001054198,Baylor,no,N/A,no,2: Weekend Day (Sa-Su),1: Morning (8am-12noon),20,2476,2348,18.1,17.2,24,24,1.794,0.063,0.188,0.248,0.125,0.000,0.125,0.125,0.000,0.063,0.063,0.000,0.000,0.000,0.000,0.000,0.000,0.063,0.000,0.250,0.063,0.310,0.125,0.063,0.063,0.063,0.000,0.000,0.000,0.000,0.000,0.125,0.250,0.374,0.063,0.188,0.000,0.000,0.000,0.000,0.000,0.937,0.000,0.000,0.000,0.000,0.063
Personal,Visitors,Trip Start,5030000000001054198,Baylor,no,N/A,no,2: Weekend Day (Sa-Su),2: Recreation Hours (8am-8pm),70,2539,2501,19.1,18.8,25,24,1.659,0.036,0.179,0.196,0.213,0.071,0.054,0.125,0.018,0.018,0.054,0.018,0.000,0.000,0.000,0.000,0.018,0.107,0.018,0.161,0.125,0.249,0.143,0.089,0.036,0.036,0.018,0.000,0.000,0.000,0.018,0.250,0.125,0.339,0.107,0.161,0.018,0.000,0.000,0.000,0.000,0.893,0.071,0.000,0.000,0.000,0.036
Personal,Visitors,Trip Start,5030000000001054198,Baylor,no,N/A,no,2: Weekend Day (Sa-Su),3: Afternoon (12noon-4pm),24,2292,2292,18.2,18.2,26,26,1.451,0.053,0.105,0.211,0.262,0.105,0.053,0.158,0.053,0.000,0.000,0.000,0.000,0.000,0.000,0.000,0.000,0.105,0.000,0.105,0.158,0.158,0.210,0.211,0.053,0.000,0.000,0.000,0.000,0.000,0.000,0.211,0.105,0.368,0.105,0.211,0.000,0.000,0.000,0.000,0.000,0.947,0.053,0.000,0.000,0.000,0.000
Personal,Visitors,Trip Start,5030000000001054198,Baylor,no,N/A,no,2: Weekend Day (Sa-Su),4: Evening (4pm-8pm),27,2806,2806,20.5,20.5,23,22,1.744,0.000,0.238,0.143,0.238,0.095,0.000,0.095,0.000,0.000,0.095,0.048,0.000,0.000,0.000,0.000,0.048,0.143,0.048,0.143,0.143,0.284,0.095,0.000,0.000,0.048,0.048,0.000,0.000,0.000,0.048,0.380,0.048,0.286,0.143,0.095,0.048,0.000,0.000,0.000,0.000,0.809,0.143,0.000,0.000,0.000,0.048
Personal,Visitors,Trip Start,5030000000001054199,Como,no,N/A,no,0: All Days (M-Su),0: All Day (12am-12am),4469,2720,2758,9.9,10.0,13,13,1.923,0.053,0.167,0.188,0.145,0.115,0.084,0.059,0.047,0.036,0.025,0.019,0.016,0.014,0.008,0.006,0.018,0.069,0.129,0.286,0.182,0.198,0.084,0.026,0.010,0.004,0.002,0.003,0.003,0.002,0.002,0.492,0.314,0.124,0.050,0.015,0.004,0.001,0.000,0.000,0.000,0.780,0.139,0.039,0.016,0.008,0.018
Personal,Visitors,Trip Start,5030000000001054199,Como,no,N/A,no,0: All Days (M-Su),1: Morning (8am-12noon),562,3188,3219,8.7,8.8,11,11,2.132,0.064,0.149,0.168,0.112,0.086,0.080,0.066,0.046,0.051,0.041,0.028,0.023,0.025,0.016,0.012,0.033,0.079,0.150,0.291,0.174,0.187,0.082,0.023,0.006,0.003,0.003,0.000,0.001,0.000,0.001,0.578,0.301,0.091,0.023,0.003,0.003,0.000,0.000,0.001,0.000,0.708,0.178,0.063,0.020,0.012,0.019
Personal,Visitors,Trip Start,5030000000001054199,Como,no,N/A,no,0: All Days (M-Su),2: Recreation Hours (8am-8pm),3872,2836,2876,10.2,10.3,13,13,1.936,0.051,0.158,0.177,0.141,0.114,0.087,0.062,0.051,0.040,0.028,0.021,0.018,0.016,0.009,0.007,0.020,0.067,0.128,0.282,0.180,0.200,0.086,0.027,0.011,0.005,0.003,0.003,0.004,0.002,0.002,0.500,0.313,0.120,0.048,0.014,0.004,0.001,0.000,0.000,0.000,0.780,0.139,0.039,0.016,0.008,0.018
Personal,Visitors,Trip Start,5030000000001054199,Como,no,N/A,no,0: All Days (M-Su),3: Afternoon (12noon-4pm),1799,3077,3125,11.5,11.6,13,13,1.893,0.045,0.142,0.157,0.134,0.118,0.092,0.068,0.056,0.044,0.032,0.025,0.022,0.019,0.009,0.010,0.027,0.060,0.117,0.273,0.172,0.205,0.101,0.035,0.014,0.005,0.002,0.005,0.005,0.003,0.003,0.486,0.309,0.125,0.057,0.017,0.005,0.001,0.000,0.000,0.000,0.791,0.133,0.035,0.015,0.007,0.019
Personal,Visitors,Trip Start,5030000000001054199,Como,no,N/A,no,0: All Days (M-Su),4: Evening (4pm-8pm),1511,2408,2440,9.0,9.2,13,13,1.915,0.052,0.182,0.210,0.161,0.120,0.083,0.052,0.047,0.030,0.018,0.012,0.011,0.008,0.005,0.003,0.006,0.071,0.133,0.294,0.192,0.198,0.070,0.019,0.008,0.004,0.003,0.002,0.003,0.001,0.002,0.487,0.322,0.125,0.047,0.015,0.003,0.001,0.000,0.000,0.000,0.792,0.131,0.035,0.017,0.007,0.018
Personal,Visitors,Trip Start,5030000000001054199,Como,no,N/A,no,1: Weekday (M-F),0: All Day (12am-12am),3561,2699,2737,9.8,9.9,13,13,1.858,0.052,0.174,0.189,0.142,0.113,0.085,0.059,0.046,0.036,0.025,0.019,0.015,0.013,0.007,0.007,0.018,0.065,0.132,0.294,0.177,0.197,0.082,0.028,0.011,0.005,0.002,0.002,0.003,0.001,0.001,0.491,0.315,0.127,0.050,0.013,0.003,0.001,0.000,0.000,0.000,0.788,0.137,0.037,0.015,0.008,0.015
Personal,Visitors,Trip Start,5030000000001054199,Como,no,N/A,no,1: Weekday (M-F),1: Morning (8am-12noon),471,3194,3220,8.7,8.8,11,10,1.992,0.053,0.151,0.177,0.124,0.079,0.076,0.069,0.047,0.053,0.037,0.029,0.018,0.024,0.017,0.011,0.035,0.078,0.149,0.292,0.175,0.192,0.074,0.027,0.004,0.004,0.003,0.000,0.001,0.000,0.001,0.580,0.294,0.103,0.019,0.002,0.002,0.000,0.000,0.000,0.000,0.703,0.188,0.062,0.015,0.015,0.017
Personal,Visitors,Trip Start,5030000000001054199,Como,no,N/A,no,1: Weekday (M-F),2: Recreation Hours (8am-8pm),3034,2839,2877,10.1,10.2,13,13,1.865,0.047,0.162,0.180,0.138,0.113,0.088,0.062,0.051,0.041,0.028,0.021,0.018,0.014,0.008,0.008,0.021,0.061,0.129,0.291,0.175,0.199,0.086,0.030,0.012,0.006,0.002,0.003,0.003,0.002,0.001,0.498,0.313,0.124,0.049,0.012,0.003,0.001,0.000,0.000,0.000,0.787,0.136,0.037,0.016,0.008,0.016
Personal,Visitors,Trip Start,5030000000001054199,Como,no,N/A,no,1: Weekday (M-F),3: Afternoon (12noon-4pm),1405,3042,3087,11.4,11.5,14,13,1.800,0.043,0.147,0.161,0.123,0.126,0.095,0.067,0.055,0.044,0.033,0.024,0.020,0.018,0.007,0.010,0.027,0.049,0.115,0.275,0.171,0.209,0.104,0.039,0.017,0.006,0.003,0.004,0.004,0.003,0.001,0.469,0.316,0.134,0.062,0.015,0.003,0.001,0.000,0.000,0.000,0.815,0.120,0.030,0.016,0.006,0.013
Personal,Visitors,Trip Start,5030000000001054199,Como,no,N/A,no,1: Weekday (M-F),4: Evening (4pm-8pm),1158,2432,2467,9.0,9.1,13,12,1.896,0.051,0.186,0.207,0.162,0.109,0.084,0.052,0.046,0.033,0.019,0.015,0.014,0.006,0.006,0.004,0.006,0.070,0.138,0.312,0.179,0.189,0.069,0.019,0.009,0.006,0.001,0.002,0.003,0.001,0.002,0.505,0.317,0.119,0.045,0.011,0.003,0.000,0.000,0.000,0.000,0.786,0.136,0.035,0.017,0.007,0.019
Personal,Visitors,Trip Start,5030000000001054199,Como,no,N/A,no,2: Weekend Day (Sa-Su),0: All Day (12am-12am),6915,2747,2787,10.1,10.2,13,13,2.012,0.054,0.157,0.183,0.150,0.119,0.084,0.059,0.049,0.036,0.026,0.018,0.018,0.015,0.009,0.006,0.017,0.074,0.125,0.277,0.189,0.200,0.085,0.023,0.009,0.003,0.003,0.003,0.004,0.002,0.003,0.496,0.313,0.119,0.050,0.017,0.004,0.001,0.000,0.000,0.000,0.771,0.141,0.040,0.018,0.009,0.021
Personal,Visitors,Trip Start,5030000000001054199,Como,no,N/A,no,2: Weekend Day (Sa-Su),1: Morning (8am-12noon),807,3177,3216,8.6,8.8,11,11,2.351,0.083,0.148,0.150,0.095,0.097,0.084,0.063,0.044,0.049,0.047,0.026,0.030,0.026,0.016,0.012,0.030,0.081,0.151,0.287,0.172,0.179,0.095,0.018,0.009,0.002,0.004,0.000,0.002,0.000,0.000,0.578,0.311,0.072,0.028,0.005,0.004,0.000,0.000,0.002,0.000,0.712,0.163,0.065,0.028,0.009,0.023
Personal,Visitors,Trip Start,5030000000001054199,Como,no,N/A,no,2: Weekend Day (Sa-Su),2: Recreation Hours (8am-8pm),6128,2833,2875,10.2,10.3,13,13,2.029,0.055,0.153,0.175,0.146,0.116,0.085,0.062,0.052,0.038,0.028,0.020,0.019,0.017,0.009,0.006,0.019,0.074,0.127,0.272,0.187,0.201,0.087,0.024,0.009,0.004,0.003,0.003,0.004,0.002,0.003,0.501,0.312,0.116,0.047,0.017,0.005,0.002,0.000,0.000,0.000,0.769,0.142,0.042,0.017,0.008,0.022
Personal,Visitors,Trip Start,5030000000001054199,Como,no,N/A,no,2: Weekend Day (Sa-Su),3: Afternoon (12noon-4pm),2860,3126,3177,11.6,11.6,13,13,2.017,0.048,0.134,0.149,0.149,0.107,0.088,0.069,0.058,0.045,0.031,0.027,0.026,0.020,0.012,0.009,0.028,0.074,0.120,0.266,0.174,0.201,0.097,0.030,0.011,0.005,0.002,0.006,0.006,0.003,0.005,0.512,0.299,0.112,0.049,0.019,0.007,0.002,0.000,0.000,0.000,0.757,0.150,0.042,0.015,0.009,0.027
Personal,Visitors,Trip Start,5030000000001054199,Como,no,N/A,no,2: Weekend Day (Sa-Su),4: Evening (4pm-8pm),2461,2379,2407,9.1,9.3,14,13,1.939,0.055,0.178,0.207,0.159,0.134,0.082,0.053,0.049,0.026,0.018,0.009,0.007,0.011,0.005,0.002,0.005,0.073,0.126,0.275,0.207,0.208,0.072,0.019,0.006,0.003,0.004,0.002,0.002,0.001,0.002,0.465,0.327,0.134,0.050,0.019,0.003,0.002,0.000,0.000,0.000,0.800,0.126,0.035,0.017,0.007,0.015
Personal,Visitors,Trip Start,5030000000001054200,Nokomis-Hiawatha,no,N/A,no,0: All Days (M-Su),0: All Day (12am-12am),1949,1901,1984,5.5,5.7,11,10,2.210,0.090,0.236,0.241,0.156,0.110,0.057,0.038,0.021,0.017,0.008,0.008,0.005,0.003,0.004,0.002,0.004,0.163,0.191,0.304,0.170,0.131,0.028,0.008,0.003,0.001,0.000,0.001,0.000,0.000,0.000,0.620,0.260,0.079,0.031,0.009,0.001,0.000,0.000,0.000,0.000,0.704,0.156,0.063,0.027,0.014,0.036
Personal,Visitors,Trip Start,5030000000001054200,Nokomis-Hiawatha,no,N/A,no,0: All Days (M-Su),1: Morning (8am-12noon),327,1893,1999,5.3,5.5,10,10,2.383,0.090,0.215,0.254,0.164,0.107,0.060,0.039,0.020,0.020,0.004,0.012,0.001,0.005,0.004,0.000,0.005,0.183,0.219,0.281,0.144,0.136,0.022,0.009,0.003,0.001,0.000,0.000,0.000,0.001,0.001,0.662,0.221,0.068,0.030,0.017,0.001,0.000,0.001,0.000,0.000,0.667,0.154,0.072,0.039,0.018,0.050
Personal,Visitors,Trip Start,5030000000001054200,Nokomis-Hiawatha,no,N/A,no,0: All Days (M-Su),2: Recreation Hours (8am-8pm),1568,1929,2013,5.5,5.7,10,10,2.259,0.092,0.233,0.236,0.154,0.112,0.055,0.041,0.022,0.017,0.009,0.009,0.005,0.004,0.004,0.003,0.004,0.164,0.193,0.305,0.162,0.133,0.028,0.008,0.004,0.001,0.001,0.001,0.000,0.000,0.000,0.629,0.255,0.076,0.030,0.009,0.001,0.000,0.000,0.000,0.000,0.692,0.161,0.063,0.030,0.015,0.039
Personal,Visitors,Trip Start,5030000000001054200,Nokomis-Hiawatha,no,N/A,no,0: All Days (M-Su),3: Afternoon (12noon-4pm),516,1954,2047,5.7,5.9,10,10,2.194,0.091,0.239,0.213,0.165,0.112,0.047,0.046,0.026,0.021,0.008,0.012,0.005,0.005,0.005,0.001,0.004,0.173,0.187,0.294,0.160,0.132,0.034,0.009,0.006,0.002,0.001,0.002,0.000,0.000,0.000,0.626,0.258,0.074,0.033,0.008,0.001,0.000,0.000,0.000,0.000,0.696,0.166,0.060,0.030,0.014,0.034
Personal,Visitors,Trip Start,5030000000001054200,Nokomis-Hiawatha,no,N/A,no,0: All Days (M-Su),4: Evening (4pm-8pm),725,1929,1995,5.5,5.6,11,10,2.248,0.093,0.237,0.245,0.141,0.114,0.058,0.038,0.021,0.013,0.013,0.006,0.006,0.002,0.004,0.005,0.004,0.149,0.184,0.323,0.172,0.133,0.026,0.007,0.002,0.001,0.001,0.001,0.001,0.000,0.000,0.616,0.269,0.081,0.027,0.006,0.001,0.000,0.000,0.000,0.000,0.704,0.160,0.060,0.024,0.015,0.037
Personal,Visitors,Trip Start,5030000000001054200,Nokomis-Hiawatha,no,N/A,no,1: Weekday (M-F),0: All Day (12am-12am),1732,1879,1963,5.5,5.7,10,10,2.210,0.094,0.238,0.246,0.146,0.110,0.056,0.040,0.018,0.019,0.008,0.008,0.004,0.003,0.004,0.002,0.004,0.157,0.193,0.306,0.176,0.127,0.024,0.009,0.004,0.002,0.001,0.001,0.000,0.000,0.000,0.614,0.274,0.075,0.028,0.009,0.000,0.000,0.000,0.000,0.000,0.698,0.162,0.061,0.027,0.016,0.036
Personal,Visitors,Trip Start,5030000000001054200,Nokomis-Hiawatha,no,N/A,no,1: Weekday (M-F),1: Morning (8am-12noon),267,1805,1907,4.9,5.2,10,10,2.364,0.102,0.226,0.268,0.155,0.106,0.040,0.042,0.018,0.018,0.002,0.011,0.002,0.002,0.004,0.000,0.004,0.182,0.217,0.293,0.151,0.129,0.011,0.009,0.004,0.002,0.000,0.000,0.000,0.002,0.000,0.661,0.231,0.062,0.033,0.011,0.000,0.000,0.002,0.000,0.000,0.643,0.162,0.084,0.044,0.020,0.047
Personal,Visitors,Trip Start,5030000000001054200,Nokomis-Hiawatha,no,N/A,no,1: Weekday (M-F),2: Recreation Hours (8am-8pm),1346,1920,2006,5.5,5.8,10,10,2.274,0.096,0.234,0.241,0.145,0.113,0.054,0.044,0.019,0.019,0.008,0.009,0.004,0.003,0.005,0.002,0.004,0.159,0.190,0.311,0.167,0.130,0.026,0.009,0.004,0.002,0.001,0.001,0.000,0.000,0.000,0.621,0.272,0.070,0.028,0.009,0.000,0.000,0.000,0.000,0.000,0.688,0.163,0.062,0.030,0.018,0.039
Personal,Visitors,Trip Start,5030000000001054200,Nokomis-Hiawatha,no,N/A,no,1: Weekday (M-F),3: Afternoon (12noon-4pm),399,1969,2071,6.0,6.3,11,11,2.216,0.099,0.258,0.208,0.142,0.105,0.052,0.052,0.019,0.024,0.006,0.013,0.003,0.004,0.007,0.001,0.007,0.154,0.187,0.300,0.169,0.130,0.034,0.012,0.007,0.003,0.001,0.003,0.000,0.000,0.000,0.601,0.283,0.072,0.033,0.010,0.001,0.000,0.000,0.000,0.000,0.683,0.174,0.063,0.028,0.018,0.034
Personal,Visitors,Trip Start,5030000000001054200,Nokomis-Hiawatha,no,N/A,no,1: Weekday (M-F),4: Evening (4pm-8pm),680,1937,2006,5.5,5.7,10,10,2.272,0.091,0.226,0.244,0.143,0.121,0.061,0.039,0.020,0.016,0.013,0.006,0.006,0.003,0.004,0.004,0.003,0.154,0.181,0.321,0.173,0.129,0.027,0.008,0.003,0.002,0.001,0.000,0.001,0.000,0.000,0.619,0.281,0.071,0.022,0.007,0.000,0.000,0.000,0.000,0.000,0.711,0.156,0.052,0.026,0.017,0.038
Personal,Visitors,Trip Start,5030000000001054200,Nokomis-Hiawatha,no,N/A,no,2: Weekend Day (Sa-Su),0: All Day (12am-12am),2533,1940,2021,5.6,5.8,11,10,2.210,0.083,0.234,0.230,0.173,0.109,0.058,0.034,0.026,0.014,0.010,0.009,0.006,0.004,0.003,0.003,0.004,0.174,0.188,0.294,0.157,0.139,0.035,0.006,0.003,0.000,0.000,0.002,0.001,0.000,0.001,0.631,0.234,0.087,0.036,0.010,0.002,0.000,0.000,0.000,0.000,0.709,0.147,0.066,0.028,0.012,0.038
Personal,Visitors,Trip Start,5030000000001054200,Nokomis-Hiawatha,no,N/A,no,2: Weekend Day (Sa-Su),1: Morning (8am-12noon),490,2019,2130,5.9,5.8,10,10,2.410,0.073,0.198,0.238,0.176,0.109,0.089,0.035,0.022,0.022,0.006,0.013,0.000,0.010,0.003,0.000,0.006,0.185,0.220,0.263,0.134,0.147,0.038,0.010,0.000,0.000,0.000,0.000,0.000,0.000,0.003,0.660,0.208,0.077,0.026,0.026,0.003,0.000,0.000,0.000,0.000,0.700,0.144,0.054,0.032,0.016,0.054
Personal,Visitors,Trip Start,5030000000001054200,Nokomis-Hiawatha,no,N/A,no,2: Weekend Day (Sa-Su),2: Recreation Hours (8am-8pm),2166,1945,2025,5.5,5.6,10,10,2.234,0.086,0.231,0.231,0.168,0.109,0.057,0.036,0.028,0.014,0.011,0.009,0.005,0.004,0.004,0.003,0.004,0.172,0.196,0.298,0.153,0.140,0.030,0.007,0.002,0.000,0.000,0.001,0.000,0.000,0.001,0.642,0.228,0.086,0.033,0.010,0.001,0.000,0.000,0.000,0.000,0.699,0.158,0.065,0.028,0.011,0.039
Personal,Visitors,Trip Start,5030000000001054200,Nokomis-Hiawatha,no,N/A,no,2: Weekend Day (Sa-Su),3: Afternoon (12noon-4pm),832,1934,2015,5.3,5.4,10,10,2.165,0.080,0.217,0.220,0.195,0.121,0.041,0.037,0.035,0.018,0.010,0.010,0.008,0.006,0.002,0.000,0.000,0.198,0.187,0.290,0.148,0.134,0.033,0.006,0.004,0.000,0.000,0.000,0.000,0.000,0.000,0.657,0.226,0.078,0.033,0.006,0.000,0.000,0.000,0.000,0.000,0.712,0.156,0.056,0.033,0.010,0.033
Personal,Visitors,Trip Start,5030000000001054200,Nokomis-Hiawatha,no,N/A,no,2: Weekend Day (Sa-Su),4: Evening (4pm-8pm),844,1911,1970,5.4,5.6,11,11,2.198,0.098,0.263,0.239,0.137,0.098,0.052,0.037,0.023,0.006,0.015,0.006,0.006,0.000,0.006,0.008,0.006,0.139,0.191,0.326,0.170,0.141,0.023,0.006,0.002,0.000,0.000,0.002,0.000,0.000,0.000,0.612,0.243,0.100,0.039,0.004,0.002,0.000,0.000,0.000,0.000,0.687,0.168,0.079,0.021,0.010,0.035
Personal,Visitors,Trip Start,5030000000001054201,Phalen,no,N/A,no,0: All Days (M-Su),0: All Day (12am-12am),1292,1694,1779,5.4,5.7,12,11,2.377,0.121,0.289,0.231,0.134,0.090,0.057,0.027,0.017,0.009,0.008,0.004,0.003,0.003,0.002,0.002,0.003,0.134,0.199,0.350,0.182,0.087,0.034,0.006,0.004,0.001,0.000,0.000,0.001,0.001,0.001,0.554,0.309,0.096,0.026,0.013,0.002,0.000,0.000,0.000,0.000,0.666,0.173,0.057,0.029,0.021,0.054
Personal,Visitors,Trip Start,5030000000001054201,Phalen,no,N/A,no,0: All Days (M-Su),1: Morning (8am-12noon),170,1753,1829,5.5,5.7,12,11,2.338,0.122,0.280,0.217,0.134,0.092,0.062,0.038,0.013,0.006,0.013,0.004,0.009,0.004,0.004,0.002,0.000,0.145,0.196,0.303,0.209,0.104,0.028,0.011,0.002,0.000,0.000,0.000,0.000,0.000,0.002,0.572,0.262,0.130,0.021,0.015,0.000,0.000,0.000,0.000,0.000,0.643,0.181,0.070,0.034,0.017,0.055
Personal,Visitors,Trip Start,5030000000001054201,Phalen,no,N/A,no,0: All Days (M-Su),2: Recreation Hours (8am-8pm),1012,1751,1836,5.6,5.9,12,11,2.404,0.116,0.272,0.231,0.137,0.094,0.061,0.030,0.018,0.009,0.010,0.005,0.004,0.004,0.003,0.003,0.003,0.137,0.192,0.339,0.190,0.093,0.034,0.006,0.004,0.002,0.000,0.000,0.000,0.001,0.002,0.552,0.304,0.103,0.027,0.013,0.001,0.000,0.000,0.000,0.000,0.656,0.175,0.061,0.031,0.021,0.056
Personal,Visitors,Trip Start,5030000000001054201,Phalen,no,N/A,no,0: All Days (M-Su),3: Afternoon (12noon-4pm),310,1766,1833,6.0,6.3,12,12,2.380,0.142,0.257,0.242,0.116,0.085,0.061,0.034,0.022,0.013,0.006,0.006,0.002,0.005,0.000,0.005,0.004,0.147,0.206,0.325,0.167,0.101,0.037,0.006,0.006,0.002,0.000,0.000,0.000,0.001,0.002,0.520,0.331,0.106,0.028,0.014,0.001,0.000,0.000,0.000,0.000,0.672,0.168,0.069,0.028,0.021,0.042
Personal,Visitors,Trip Start,5030000000001054201,Phalen,no,N/A,no,0: All Days (M-Su),4: Evening (4pm-8pm),532,1742,1841,5.4,5.7,12,11,2.440,0.099,0.281,0.228,0.151,0.099,0.062,0.026,0.017,0.008,0.011,0.004,0.003,0.003,0.003,0.002,0.003,0.129,0.182,0.358,0.198,0.085,0.035,0.004,0.003,0.002,0.000,0.001,0.001,0.001,0.001,0.565,0.301,0.093,0.028,0.011,0.002,0.000,0.000,0.000,0.000,0.650,0.177,0.054,0.033,0.022,0.064
Personal,Visitors,Trip Start,5030000000001054201,Phalen,no,N/A,no,1: Weekday (M-F),0: All Day (12am-12am),1152,1664,1757,4.8,5.2,11,11,2.397,0.127,0.285,0.233,0.131,0.089,0.058,0.030,0.017,0.008,0.007,0.002,0.004,0.003,0.001,0.002,0.003,0.133,0.207,0.359,0.185,0.077,0.027,0.005,0.004,0.001,0.000,0.000,0.001,0.000,0.001,0.562,0.317,0.089,0.023,0.008,0.001,0.000,0.000,0.000,0.000,0.669,0.173,0.056,0.031,0.018,0.053
Personal,Visitors,Trip Start,5030000000001054201,Phalen,no,N/A,no,1: Weekday (M-F),1: Morning (8am-12noon),134,1696,1746,5.0,5.1,11,11,2.108,0.151,0.281,0.219,0.113,0.087,0.057,0.038,0.015,0.008,0.011,0.000,0.008,0.008,0.000,0.004,0.000,0.140,0.226,0.309,0.211,0.102,0.004,0.004,0.000,0.000,0.000,0.000,0.000,0.000,0.004,0.555,0.306,0.117,0.011,0.011,0.000,0.000,0.000,0.000,0.000,0.668,0.185,0.072,0.030,0.015,0.030
Personal,Visitors,Trip Start,5030000000001054201,Phalen,no,N/A,no,1: Weekday (M-F),2: Recreation Hours (8am-8pm),887,1725,1819,5.0,5.3,11,11,2.433,0.122,0.264,0.235,0.131,0.095,0.062,0.034,0.019,0.008,0.010,0.003,0.005,0.004,0.002,0.003,0.003,0.136,0.198,0.352,0.190,0.083,0.028,0.005,0.004,0.001,0.000,0.000,0.001,0.001,0.001,0.564,0.311,0.093,0.024,0.007,0.001,0.000,0.000,0.000,0.000,0.654,0.173,0.062,0.034,0.019,0.058
Personal,Visitors,Trip Start,5030000000001054201,Phalen,no,N/A,no,1: Weekday (M-F),3: Afternoon (12noon-4pm),254,1637,1710,5.0,5.3,12,11,2.359,0.157,0.262,0.253,0.104,0.086,0.053,0.035,0.026,0.008,0.002,0.004,0.004,0.000,0.000,0.002,0.004,0.145,0.214,0.354,0.169,0.075,0.031,0.006,0.004,0.000,0.000,0.000,0.000,0.000,0.002,0.526,0.350,0.094,0.024,0.006,0.000,0.000,0.000,0.000,0.000,0.690,0.159,0.059,0.029,0.022,0.041
Personal,Visitors,Trip Start,5030000000001054201,Phalen,no,N/A,no,1: Weekday (M-F),4: Evening (4pm-8pm),499,1779,1894,5.0,5.4,11,11,2.558,0.095,0.268,0.229,0.149,0.101,0.068,0.032,0.016,0.008,0.013,0.003,0.004,0.005,0.003,0.003,0.003,0.131,0.182,0.363,0.195,0.083,0.033,0.004,0.005,0.002,0.000,0.000,0.001,0.001,0.000,0.586,0.293,0.086,0.027,0.007,0.001,0.000,0.000,0.000,0.000,0.634,0.177,0.061,0.036,0.018,0.074
Personal,Visitors,Trip Start,5030000000001054201,Phalen,no,N/A,no,2: Weekend Day (Sa-Su),0: All Day (12am-12am),1668,1750,1821,6.4,6.6,13,12,2.340,0.110,0.292,0.229,0.142,0.093,0.054,0.020,0.019,0.011,0.010,0.006,0.002,0.004,0.004,0.002,0.002,0.134,0.185,0.335,0.178,0.106,0.046,0.007,0.003,0.002,0.000,0.001,0.000,0.001,0.002,0.537,0.294,0.110,0.032,0.023,0.004,0.000,0.000,0.000,0.000,0.664,0.173,0.060,0.024,0.025,0.054
Personal,Visitors,Trip Start,5030000000001054201,Phalen,no,N/A,no,2: Weekend Day (Sa-Su),1: Morning (8am-12noon),270,1828,1937,6.3,6.5,13,12,2.636,0.083,0.273,0.216,0.162,0.098,0.069,0.039,0.010,0.005,0.015,0.010,0.010,0.000,0.010,0.000,0.000,0.152,0.157,0.293,0.206,0.108,0.059,0.020,0.005,0.000,0.000,0.000,0.000,0.000,0.000,0.593,0.206,0.147,0.034,0.020,0.000,0.000,0.000,0.000,0.000,0.608,0.176,0.069,0.039,0.020,0.088
Personal,Visitors,Trip Start,5030000000001054201,Phalen,no,N/A,no,2: Weekend Day (Sa-Su),2: Recreation Hours (8am-8pm),1348,1798,1868,6.7,6.9,13,12,2.354,0.106,0.283,0.224,0.149,0.091,0.061,0.024,0.016,0.011,0.010,0.008,0.003,0.004,0.004,0.003,0.003,0.139,0.181,0.314,0.192,0.109,0.045,0.008,0.004,0.003,0.000,0.001,0.000,0.001,0.003,0.532,0.290,0.121,0.032,0.022,0.003,0.000,0.000,0.000,0.000,0.654,0.179,0.061,0.028,0.025,0.053
Personal,Visitors,Trip Start,5030000000001054201,Phalen,no,N/A,no,2: Weekend Day (Sa-Su),3: Afternoon (12noon-4pm),459,1955,2013,7.6,7.9,13,12,2.411,0.118,0.254,0.225,0.133,0.084,0.072,0.032,0.017,0.020,0.012,0.009,0.000,0.012,0.000,0.009,0.003,0.150,0.194,0.279,0.165,0.139,0.046,0.006,0.009,0.006,0.000,0.000,0.000,0.003,0.003,0.509,0.303,0.124,0.035,0.026,0.003,0.000,0.000,0.000,0.000,0.645,0.182,0.084,0.026,0.020,0.043
Personal,Visitors,Trip Start,5030000000001054201,Phalen,no,N/A,no,2: Weekend Day (Sa-Su),4: Evening (4pm-8pm),619,1665,1726,6.1,6.2,13,12,2.184,0.107,0.309,0.226,0.156,0.094,0.048,0.011,0.018,0.007,0.007,0.007,0.002,0.000,0.004,0.000,0.004,0.125,0.182,0.350,0.206,0.088,0.037,0.004,0.000,0.002,0.000,0.002,0.000,0.000,0.004,0.522,0.318,0.107,0.029,0.020,0.004,0.000,0.000,0.000,0.000,0.684,0.178,0.039,0.024,0.031,0.044
Personal,Visitors,Trip End,5030000000001054198,Baylor,no,N/A,no,0: All Days (M-Su),0: All Day (12am-12am),52,2833,2828,22.9,22.6,26,26,1.518,0.073,0.171,0.166,0.099,0.099,0.093,0.033,0.106,0.040,0.040,0.013,0.040,0.007,0.007,0.000,0.013,0.073,0.033,0.146,0.099,0.218,0.152,0.060,0.113,0.060,0.013,0.000,0.000,0.020,0.013,0.159,0.172,0.252,0.238,0.139,0.040,0.000,0.000,0.000,0.000,0.886,0.093,0.007,0.007,0.000,0.007
Personal,Visitors,Trip End,5030000000001054198,Baylor,no,N/A,no,0: All Days (M-Su),1: Morning (8am-12noon),13,2429,2428,15.4,14.8,24,24,1.811,0.075,0.100,0.300,0.200,0.075,0.050,0.025,0.075,0.025,0.025,0.025,0.000,0.000,0.000,0.000,0.025,0.100,0.075,0.075,0.200,0.275,0.125,0.100,0.025,0.025,0.000,0.000,0.000,0.000,0.000,0.275,0.150,0.200,0.200,0.150,0.025,0.000,0.000,0.000,0.000,0.775,0.175,0.000,0.025,0.000,0.025
Personal,Visitors,Trip End,5030000000001054198,Baylor,no,N/A,no,0: All Days (M-Su),2: Recreation Hours (8am-8pm),44,2878,2871,23.2,22.9,26,26,1.531,0.055,0.186,0.172,0.102,0.086,0.094,0.031,0.109,0.039,0.039,0.016,0.039,0.008,0.008,0.000,0.016,0.078,0.039,0.141,0.102,0.193,0.172,0.063,0.102,0.055,0.016,0.000,0.000,0.023,0.016,0.164,0.180,0.249,0.227,0.141,0.039,0.000,0.000,0.000,0.000,0.890,0.086,0.008,0.008,0.000,0.008
Personal,Visitors,Trip End,5030000000001054198,Baylor,no,N/A,no,0: All Days (M-Su),3: Afternoon (12noon-4pm),13,3280,3280,31.4,31.4,29,29,1.340,0.086,0.141,0.086,0.086,0.114,0.143,0.057,0.114,0.000,0.000,0.029,0.086,0.029,0.000,0.000,0.029,0.057,0.029,0.114,0.057,0.143,0.256,0.086,0.057,0.029,0.057,0.000,0.000,0.086,0.029,0.114,0.114,0.286,0.286,0.086,0.114,0.000,0.000,0.000,0.000,0.971,0.029,0.000,0.000,0.000,0.000
Personal,Visitors,Trip End,5030000000001054198,Baylor,no,N/A,no,0: All Days (M-Su),4: Evening (4pm-8pm),18,2935,2935,23.5,23.5,25,25,1.446,0.019,0.284,0.132,0.038,0.075,0.094,0.019,0.132,0.075,0.075,0.000,0.038,0.000,0.019,0.000,0.000,0.075,0.019,0.207,0.057,0.170,0.151,0.019,0.189,0.094,0.000,0.000,0.000,0.000,0.019,0.113,0.245,0.264,0.208,0.170,0.000,0.000,0.000,0.000,0.000,0.924,0.057,0.019,0.000,0.000,0.000
Personal,Visitors,Trip End,5030000000001054198,Baylor,no,N/A,no,1: Weekday (M-F),0: All Day (12am-12am),34,2965,2985,24.7,24.4,26,26,1.491,0.122,0.161,0.122,0.054,0.081,0.081,0.027,0.135,0.081,0.054,0.014,0.054,0.000,0.000,0.000,0.014,0.068,0.054,0.188,0.081,0.149,0.122,0.027,0.162,0.108,0.000,0.000,0.000,0.041,0.000,0.162,0.176,0.243,0.243,0.122,0.054,0.000,0.000,0.000,0.000,0.864,0.122,0.000,0.014,0.000,0.000
Personal,Visitors,Trip End,5030000000001054198,Baylor,no,N/A,no,1: Weekday (M-F),1: Morning (8am-12noon),7,3337,3407,17.5,16.4,20,19,1.845,0.067,0.067,0.265,0.133,0.000,0.000,0.067,0.133,0.067,0.067,0.067,0.000,0.000,0.000,0.000,0.067,0.133,0.133,0.067,0.133,0.266,0.067,0.067,0.067,0.067,0.000,0.000,0.000,0.000,0.000,0.467,0.133,0.133,0.067,0.200,0.000,0.000,0.000,0.000,0.000,0.733,0.200,0.000,0.067,0.000,0.000
Personal,Visitors,Trip End,5030000000001054198,Baylor,no,N/A,no,1: Weekday (M-F),2: Recreation Hours (8am-8pm),29,3161,3181,25.7,25.3,25,25,1.485,0.081,0.159,0.129,0.065,0.081,0.065,0.032,0.145,0.081,0.065,0.016,0.065,0.000,0.000,0.000,0.016,0.065,0.065,0.177,0.065,0.145,0.145,0.032,0.145,0.113,0.000,0.000,0.000,0.048,0.000,0.177,0.194,0.226,0.242,0.113,0.048,0.000,0.000,0.000,0.000,0.887,0.097,0.000,0.016,0.000,0.000
Personal,Visitors,Trip End,5030000000001054198,Baylor,no,N/A,no,1: Weekday (M-F),3: Afternoon (12noon-4pm),7,2820,2820,32.2,32.2,30,30,1.319,0.216,0.143,0.071,0.071,0.143,0.071,0.000,0.071,0.000,0.000,0.000,0.214,0.000,0.000,0.000,0.000,0.071,0.071,0.217,0.071,0.071,0.143,0.071,0.000,0.071,0.000,0.000,0.000,0.214,0.000,0.143,0.143,0.143,0.286,0.071,0.214,0.000,0.000,0.000,0.000,0.929,0.071,0.000,0.000,0.000,0.000
Personal,Visitors,Trip End,5030000000001054198,Baylor,no,N/A,no,1: Weekday (M-F),4: Evening (4pm-8pm),15,3232,3232,26.4,26.4,26,26,1.392,0.030,0.213,0.091,0.030,0.091,0.091,0.030,0.182,0.121,0.091,0.000,0.030,0.000,0.000,0.000,0.000,0.030,0.030,0.212,0.030,0.121,0.182,0.000,0.243,0.152,0.000,0.000,0.000,0.000,0.000,0.061,0.242,0.303,0.303,0.091,0.000,0.000,0.000,0.000,0.000,0.939,0.061,0.000,0.000,0.000,0.000
Personal,Visitors,Trip End,5030000000001054198,Baylor,no,N/A,no,2: Weekend Day (Sa-Su),0: All Day (12am-12am),100,2706,2677,21.2,21.0,27,26,1.544,0.026,0.182,0.207,0.143,0.117,0.104,0.039,0.078,0.000,0.026,0.013,0.026,0.013,0.013,0.000,0.013,0.078,0.013,0.104,0.117,0.285,0.182,0.091,0.065,0.013,0.026,0.000,0.000,0.000,0.026,0.156,0.169,0.259,0.234,0.156,0.026,0.000,0.000,0.000,0.000,0.909,0.065,0.013,0.000,0.000,0.013
Personal,Visitors,Trip End,5030000000001054198,Baylor,no,N/A,no,2: Weekend Day (Sa-Su),1: Morning (8am-12noon),30,1899,1840,14.2,13.7,27,27,1.791,0.080,0.120,0.320,0.240,0.120,0.080,0.000,0.040,0.000,0.000,0.000,0.000,0.000,0.000,0.000,0.000,0.080,0.040,0.080,0.240,0.280,0.160,0.120,0.000,0.000,0.000,0.000,0.000,0.000,0.000,0.160,0.160,0.240,0.280,0.120,0.040,0.000,0.000,0.000,0.000,0.800,0.160,0.000,0.000,0.000,0.040
Personal,Visitors,Trip End,5030000000001054198,Baylor,no,N/A,no,2: Weekend Day (Sa-Su),2: Recreation Hours (8am-8pm),86,2613,2580,20.9,20.7,27,27,1.574,0.030,0.214,0.212,0.136,0.091,0.121,0.030,0.076,0.000,0.015,0.015,0.015,0.015,0.015,0.000,0.015,0.091,0.015,0.106,0.136,0.243,0.197,0.091,0.061,0.000,0.030,0.000,0.000,0.000,0.030,0.152,0.167,0.272,0.212,0.167,0.030,0.000,0.000,0.000,0.000,0.894,0.076,0.015,0.000,0.000,0.015
Personal,Visitors,Trip End,5030000000001054198,Baylor,no,N/A,no,2: Weekend Day (Sa-Su),3: Afternoon (12noon-4pm),29,3587,3587,30.8,30.8,29,29,1.354,0.000,0.143,0.095,0.095,0.095,0.190,0.095,0.143,0.000,0.000,0.048,0.000,0.048,0.000,0.000,0.048,0.048,0.000,0.048,0.048,0.190,0.333,0.095,0.095,0.000,0.095,0.000,0.000,0.000,0.048,0.095,0.095,0.381,0.286,0.095,0.048,0.000,0.000,0.000,0.000,1.000,0.000,0.000,0.000,0.000,0.000
Personal,Visitors,Trip End,5030000000001054198,Baylor,no,N/A,no,2: Weekend Day (Sa-Su),4: Evening (4pm-8pm),27,2446,2446,18.6,18.6,24,24,1.535,0.000,0.400,0.200,0.050,0.050,0.100,0.000,0.050,0.000,0.050,0.000,0.050,0.000,0.050,0.000,0.000,0.150,0.000,0.200,0.100,0.250,0.100,0.050,0.100,0.000,0.000,0.000,0.000,0.000,0.050,0.200,0.250,0.200,0.050,0.300,0.000,0.000,0.000,0.000,0.000,0.900,0.050,0.050,0.000,0.000,0.000
Personal,Visitors,Trip End,5030000000001054199,Como,no,N/A,no,0: All Days (M-Su),0: All Day (12am-12am),4596,2414,2454,12.4,12.5,16,16,1.886,0.051,0.162,0.203,0.174,0.139,0.094,0.059,0.038,0.023,0.016,0.011,0.007,0.006,0.004,0.003,0.010,0.068,0.120,0.234,0.181,0.218,0.099,0.032,0.014,0.009,0.004,0.005,0.005,0.003,0.008,0.385,0.323,0.174,0.079,0.029,0.009,0.001,0.000,0.000,0.000,0.809,0.115,0.034,0.015,0.008,0.019
Personal,Visitors,Trip End,5030000000001054199,Como,no,N/A,no,0: All Days (M-Su),1: Morning (8am-12noon),1278,2669,2690,16.6,16.6,19,19,1.716,0.045,0.129,0.172,0.175,0.158,0.108,0.068,0.040,0.030,0.021,0.012,0.009,0.009,0.006,0.004,0.014,0.042,0.103,0.187,0.156,0.248,0.137,0.048,0.020,0.013,0.008,0.011,0.008,0.006,0.013,0.291,0.309,0.216,0.117,0.051,0.014,0.002,0.000,0.000,0.000,0.859,0.088,0.026,0.010,0.005,0.012
Personal,Visitors,Trip End,5030000000001054199,Como,no,N/A,no,0: All Days (M-Su),2: Recreation Hours (8am-8pm),4292,2445,2482,12.8,12.8,16,16,1.866,0.048,0.157,0.202,0.175,0.141,0.097,0.059,0.040,0.024,0.016,0.011,0.007,0.006,0.004,0.003,0.010,0.065,0.115,0.230,0.181,0.224,0.102,0.034,0.014,0.010,0.004,0.005,0.005,0.003,0.008,0.377,0.326,0.178,0.080,0.029,0.009,0.001,0.000,0.000,0.000,0.818,0.112,0.032,0.014,0.007,0.017
Personal,Visitors,Trip End,5030000000001054199,Como,no,N/A,no,0: All Days (M-Su),3: Afternoon (12noon-4pm),1779,2496,2534,13.0,13.1,16,16,1.904,0.041,0.142,0.207,0.174,0.145,0.100,0.063,0.046,0.024,0.017,0.011,0.008,0.006,0.004,0.003,0.009,0.064,0.109,0.221,0.186,0.229,0.104,0.034,0.016,0.010,0.004,0.005,0.006,0.003,0.009,0.384,0.317,0.179,0.081,0.027,0.010,0.001,0.001,0.000,0.000,0.811,0.115,0.032,0.015,0.007,0.020
Personal,Visitors,Trip End,5030000000001054199,Como,no,N/A,no,0: All Days (M-Su),4: Evening (4pm-8pm),1235,2117,2175,8.1,8.4,13,13,1.971,0.062,0.211,0.222,0.177,0.117,0.079,0.044,0.029,0.017,0.012,0.010,0.005,0.004,0.002,0.003,0.006,0.091,0.138,0.289,0.200,0.189,0.062,0.016,0.005,0.004,0.001,0.001,0.002,0.000,0.002,0.456,0.356,0.136,0.039,0.010,0.002,0.001,0.000,0.000,0.000,0.782,0.134,0.038,0.017,0.010,0.019
Personal,Visitors,Trip End,5030000000001054199,Como,no,N/A,no,1: Weekday (M-F),0: All Day (12am-12am),3670,2396,2440,12.4,12.5,16,16,1.859,0.052,0.168,0.203,0.171,0.139,0.089,0.058,0.037,0.024,0.016,0.012,0.007,0.006,0.005,0.003,0.010,0.064,0.125,0.238,0.180,0.211,0.097,0.034,0.015,0.011,0.004,0.006,0.005,0.002,0.008,0.382,0.332,0.170,0.078,0.029,0.008,0.001,0.000,0.000,0.000,0.811,0.115,0.035,0.015,0.007,0.017
Personal,Visitors,Trip End,5030000000001054199,Como,no,N/A,no,1: Weekday (M-F),1: Morning (8am-12noon),1047,2738,2752,17.4,17.3,19,19,1.666,0.042,0.128,0.170,0.165,0.159,0.112,0.069,0.043,0.035,0.021,0.013,0.008,0.007,0.009,0.003,0.016,0.035,0.103,0.185,0.152,0.241,0.141,0.056,0.024,0.016,0.009,0.012,0.008,0.003,0.015,0.278,0.316,0.216,0.123,0.051,0.014,0.002,0.000,0.000,0.000,0.862,0.091,0.026,0.009,0.004,0.008
Personal,Visitors,Trip End,5030000000001054199,Como,no,N/A,no,1: Weekday (M-F),2: Recreation Hours (8am-8pm),3404,2431,2471,12.9,12.9,16,16,1.835,0.049,0.163,0.202,0.172,0.141,0.091,0.059,0.038,0.025,0.016,0.013,0.007,0.006,0.005,0.003,0.010,0.061,0.119,0.233,0.180,0.218,0.100,0.036,0.016,0.011,0.005,0.006,0.005,0.002,0.008,0.369,0.335,0.175,0.081,0.030,0.009,0.001,0.000,0.000,0.000,0.819,0.111,0.033,0.015,0.007,0.015
Personal,Visitors,Trip End,5030000000001054199,Como,no,N/A,no,1: Weekday (M-F),3: Afternoon (12noon-4pm),1274,2433,2477,13.0,13.0,16,16,1.854,0.043,0.154,0.211,0.178,0.143,0.086,0.062,0.044,0.023,0.014,0.012,0.008,0.007,0.003,0.003,0.009,0.059,0.114,0.230,0.182,0.225,0.100,0.035,0.017,0.013,0.004,0.005,0.005,0.003,0.008,0.377,0.321,0.179,0.084,0.029,0.010,0.000,0.000,0.000,0.000,0.822,0.107,0.032,0.016,0.006,0.017
Personal,Visitors,Trip End,5030000000001054199,Como,no,N/A,no,1: Weekday (M-F),4: Evening (4pm-8pm),1084,2106,2173,8.0,8.2,13,13,1.987,0.063,0.209,0.230,0.173,0.118,0.075,0.044,0.026,0.017,0.012,0.012,0.006,0.004,0.003,0.003,0.005,0.091,0.143,0.287,0.204,0.185,0.058,0.015,0.005,0.005,0.001,0.001,0.002,0.001,0.002,0.453,0.373,0.128,0.033,0.010,0.001,0.001,0.001,0.000,0.000,0.775,0.137,0.040,0.018,0.011,0.019
Personal,Visitors,Trip End,5030000000001054199,Como,no,N/A,no,2: Weekend Day (Sa-Su),0: All Day (12am-12am),7088,2437,2472,12.5,12.6,16,16,1.923,0.051,0.155,0.194,0.178,0.140,0.102,0.060,0.041,0.022,0.017,0.009,0.007,0.007,0.003,0.004,0.010,0.074,0.113,0.227,0.181,0.227,0.103,0.030,0.012,0.007,0.004,0.005,0.005,0.004,0.008,0.392,0.311,0.178,0.079,0.028,0.010,0.001,0.001,0.000,0.000,0.809,0.114,0.031,0.015,0.009,0.022
Personal,Visitors,Trip End,5030000000001054199,Como,no,N/A,no,2: Weekend Day (Sa-Su),1: Morning (8am-12noon),1900,2567,2598,15.5,15.5,19,18,1.790,0.049,0.131,0.177,0.191,0.155,0.102,0.066,0.036,0.023,0.020,0.010,0.009,0.011,0.003,0.005,0.012,0.052,0.101,0.190,0.161,0.263,0.131,0.037,0.013,0.009,0.007,0.009,0.009,0.009,0.009,0.311,0.301,0.215,0.107,0.050,0.015,0.001,0.000,0.000,0.000,0.855,0.082,0.026,0.012,0.007,0.018
Personal,Visitors,Trip End,5030000000001054199,Como,no,N/A,no,2: Weekend Day (Sa-Su),2: Recreation Hours (8am-8pm),6681,2464,2498,12.6,12.7,16,16,1.906,0.047,0.150,0.195,0.179,0.142,0.104,0.060,0.042,0.023,0.018,0.009,0.007,0.007,0.003,0.004,0.010,0.069,0.110,0.224,0.182,0.233,0.105,0.031,0.012,0.007,0.004,0.005,0.006,0.004,0.008,0.385,0.313,0.182,0.080,0.028,0.010,0.001,0.001,0.000,0.000,0.815,0.112,0.031,0.014,0.008,0.020
Personal,Visitors,Trip End,5030000000001054199,Como,no,N/A,no,2: Weekend Day (Sa-Su),3: Afternoon (12noon-4pm),3140,2564,2596,13.0,13.1,16,16,1.958,0.039,0.129,0.202,0.169,0.148,0.114,0.065,0.049,0.026,0.019,0.009,0.008,0.006,0.004,0.004,0.009,0.069,0.104,0.212,0.190,0.235,0.107,0.034,0.015,0.008,0.004,0.004,0.006,0.003,0.009,0.393,0.313,0.179,0.078,0.024,0.011,0.001,0.001,0.000,0.000,0.800,0.122,0.032,0.015,0.008,0.023
Personal,Visitors,Trip End,5030000000001054199,Como,no,N/A,no,2: Weekend Day (Sa-Su),4: Evening (4pm-8pm),1641,2136,2178,8.4,8.6,13,13,1.943,0.060,0.216,0.207,0.184,0.116,0.087,0.042,0.034,0.016,0.011,0.006,0.004,0.005,0.002,0.002,0.008,0.091,0.131,0.287,0.192,0.196,0.071,0.018,0.005,0.003,0.001,0.001,0.001,0.000,0.003,0.459,0.327,0.149,0.049,0.011,0.004,0.001,0.000,0.000,0.000,0.792,0.128,0.034,0.017,0.010,0.019
Personal,Visitors,Trip End,5030000000001054200,Nokomis-Hiawatha,no,N/A,no,0: All Days (M-Su),0: All Day (12am-12am),2078,1849,1948,5.7,5.9,11,11,2.175,0.087,0.240,0.252,0.163,0.096,0.062,0.035,0.021,0.017,0.008,0.005,0.003,0.005,0.001,0.001,0.004,0.148,0.191,0.313,0.177,0.123,0.031,0.009,0.004,0.001,0.001,0.001,0.000,0.000,0.001,0.588,0.284,0.089,0.031,0.006,0.002,0.000,0.000,0.000,0.000,0.719,0.143,0.055,0.030,0.015,0.038
Personal,Visitors,Trip End,5030000000001054200,Nokomis-Hiawatha,no,N/A,no,0: All Days (M-Su),1: Morning (8am-12noon),400,1855,1969,6.0,6.2,11,11,2.335,0.089,0.232,0.259,0.148,0.108,0.061,0.039,0.025,0.015,0.004,0.002,0.003,0.005,0.001,0.000,0.009,0.170,0.200,0.297,0.140,0.138,0.036,0.010,0.004,0.001,0.001,0.001,0.000,0.000,0.002,0.617,0.238,0.097,0.039,0.007,0.002,0.000,0.000,0.000,0.000,0.692,0.141,0.055,0.045,0.022,0.045
Personal,Visitors,Trip End,5030000000001054200,Nokomis-Hiawatha,no,N/A,no,0: All Days (M-Su),2: Recreation Hours (8am-8pm),1814,1857,1946,5.8,5.9,11,11,2.149,0.085,0.238,0.253,0.161,0.098,0.063,0.037,0.021,0.016,0.009,0.005,0.003,0.005,0.001,0.001,0.004,0.145,0.182,0.315,0.184,0.127,0.031,0.010,0.004,0.000,0.000,0.001,0.000,0.000,0.001,0.577,0.295,0.090,0.031,0.005,0.002,0.000,0.000,0.000,0.000,0.721,0.143,0.054,0.029,0.015,0.038
Personal,Visitors,Trip End,5030000000001054200,Nokomis-Hiawatha,no,N/A,no,0: All Days (M-Su),3: Afternoon (12noon-4pm),624,1843,1942,5.9,6.0,11,11,2.112,0.086,0.238,0.263,0.151,0.091,0.069,0.038,0.019,0.020,0.008,0.006,0.001,0.005,0.002,0.001,0.002,0.142,0.179,0.304,0.196,0.133,0.030,0.012,0.001,0.000,0.001,0.001,0.001,0.000,0.000,0.573,0.288,0.097,0.035,0.006,0.001,0.000,0.000,0.000,0.000,0.724,0.142,0.050,0.029,0.015,0.040
Personal,Visitors,Trip End,5030000000001054200,Nokomis-Hiawatha,no,N/A,no,0: All Days (M-Su),4: Evening (4pm-8pm),790,1869,1937,5.5,5.7,11,11,2.083,0.081,0.240,0.245,0.176,0.098,0.059,0.036,0.021,0.013,0.012,0.005,0.004,0.005,0.001,0.001,0.003,0.134,0.174,0.336,0.196,0.117,0.028,0.008,0.005,0.001,0.000,0.000,0.000,0.000,0.001,0.561,0.330,0.080,0.023,0.003,0.002,0.000,0.000,0.000,0.001,0.734,0.144,0.057,0.019,0.012,0.034
Personal,Visitors,Trip End,5030000000001054200,Nokomis-Hiawatha,no,N/A,no,1: Weekday (M-F),0: All Day (12am-12am),1824,1847,1945,5.5,5.7,11,11,2.097,0.089,0.243,0.247,0.168,0.094,0.061,0.032,0.023,0.017,0.007,0.004,0.003,0.004,0.001,0.002,0.005,0.139,0.187,0.322,0.187,0.123,0.025,0.011,0.003,0.001,0.001,0.000,0.000,0.000,0.001,0.578,0.299,0.086,0.031,0.005,0.001,0.000,0.000,0.000,0.000,0.729,0.140,0.054,0.029,0.014,0.034
Personal,Visitors,Trip End,5030000000001054200,Nokomis-Hiawatha,no,N/A,no,1: Weekday (M-F),1: Morning (8am-12noon),297,1880,1963,5.9,6.1,11,11,2.215,0.100,0.226,0.250,0.164,0.100,0.060,0.030,0.030,0.020,0.004,0.000,0.000,0.004,0.002,0.000,0.010,0.160,0.192,0.316,0.148,0.130,0.034,0.012,0.002,0.002,0.002,0.000,0.000,0.000,0.002,0.612,0.242,0.102,0.036,0.008,0.000,0.000,0.000,0.000,0.000,0.714,0.130,0.056,0.046,0.020,0.034
Personal,Visitors,Trip End,5030000000001054200,Nokomis-Hiawatha,no,N/A,no,1: Weekday (M-F),2: Recreation Hours (8am-8pm),1575,1859,1943,5.6,5.8,11,11,2.090,0.087,0.239,0.247,0.166,0.096,0.064,0.034,0.024,0.016,0.008,0.004,0.003,0.004,0.001,0.002,0.005,0.135,0.174,0.324,0.196,0.129,0.026,0.011,0.003,0.001,0.001,0.000,0.000,0.000,0.000,0.561,0.314,0.089,0.031,0.004,0.001,0.000,0.000,0.000,0.000,0.732,0.139,0.053,0.028,0.014,0.034
Personal,Visitors,Trip End,5030000000001054200,Nokomis-Hiawatha,no,N/A,no,1: Weekday (M-F),3: Afternoon (12noon-4pm),492,1820,1926,5.8,6.0,12,11,2.085,0.084,0.257,0.252,0.144,0.095,0.068,0.035,0.023,0.018,0.007,0.005,0.001,0.004,0.001,0.002,0.004,0.127,0.171,0.312,0.210,0.139,0.024,0.014,0.001,0.000,0.001,0.001,0.000,0.000,0.000,0.536,0.327,0.090,0.041,0.006,0.000,0.000,0.000,0.000,0.000,0.727,0.146,0.046,0.027,0.014,0.040
Personal,Visitors,Trip End,5030000000001054200,Nokomis-Hiawatha,no,N/A,no,1: Weekday (M-F),4: Evening (4pm-8pm),785,1875,1946,5.5,5.6,11,10,2.045,0.083,0.232,0.245,0.181,0.096,0.063,0.035,0.022,0.012,0.010,0.005,0.005,0.005,0.001,0.002,0.003,0.131,0.168,0.336,0.205,0.122,0.024,0.009,0.004,0.001,0.000,0.000,0.000,0.000,0.000,0.557,0.333,0.082,0.024,0.002,0.002,0.000,0.000,0.000,0.000,0.740,0.139,0.057,0.021,0.012,0.031
Personal,Visitors,Trip End,5030000000001054200,Nokomis-Hiawatha,no,N/A,no,2: Weekend Day (Sa-Su),0: All Day (12am-12am),2763,1851,1954,5.9,6.1,11,11,2.313,0.083,0.234,0.262,0.154,0.099,0.064,0.041,0.016,0.016,0.009,0.006,0.005,0.006,0.002,0.000,0.003,0.164,0.198,0.298,0.160,0.123,0.041,0.006,0.005,0.001,0.000,0.001,0.001,0.000,0.002,0.606,0.258,0.093,0.030,0.007,0.004,0.001,0.000,0.000,0.001,0.706,0.148,0.056,0.030,0.016,0.044
Personal,Visitors,Trip End,5030000000001054200,Nokomis-Hiawatha,no,N/A,no,2: Weekend Day (Sa-Su),1: Morning (8am-12noon),676,1826,1977,6.2,6.3,11,11,2.472,0.076,0.240,0.269,0.129,0.118,0.062,0.048,0.018,0.009,0.005,0.005,0.007,0.007,0.000,0.000,0.007,0.182,0.210,0.273,0.131,0.147,0.039,0.007,0.007,0.000,0.000,0.002,0.000,0.000,0.002,0.622,0.233,0.092,0.041,0.007,0.005,0.000,0.000,0.000,0.000,0.666,0.154,0.053,0.044,0.025,0.058
Personal,Visitors,Trip End,5030000000001054200,Nokomis-Hiawatha,no,N/A,no,2: Weekend Day (Sa-Su),2: Recreation Hours (8am-8pm),2456,1854,1952,6.0,6.1,11,11,2.252,0.081,0.236,0.263,0.152,0.100,0.061,0.043,0.017,0.016,0.010,0.006,0.003,0.007,0.002,0.000,0.003,0.162,0.196,0.302,0.162,0.124,0.039,0.007,0.005,0.000,0.000,0.001,0.001,0.000,0.001,0.604,0.263,0.092,0.030,0.007,0.003,0.000,0.000,0.000,0.001,0.705,0.148,0.055,0.030,0.017,0.045
Personal,Visitors,Trip End,5030000000001054200,Nokomis-Hiawatha,no,N/A,no,2: Weekend Day (Sa-Su),3: Afternoon (12noon-4pm),980,1875,1964,6.0,6.0,11,10,2.148,0.089,0.213,0.272,0.162,0.085,0.072,0.041,0.015,0.023,0.008,0.008,0.002,0.007,0.003,0.000,0.000,0.162,0.190,0.293,0.177,0.125,0.038,0.008,0.002,0.000,0.000,0.002,0.003,0.000,0.000,0.623,0.236,0.105,0.028,0.005,0.003,0.000,0.000,0.000,0.000,0.721,0.136,0.056,0.033,0.015,0.039
Personal,Visitors,Trip End,5030000000001054200,Nokomis-Hiawatha,no,N/A,no,2: Weekend Day (Sa-Su),4: Evening (4pm-8pm),801,1854,1915,5.7,5.9,11,11,2.186,0.076,0.264,0.245,0.161,0.103,0.047,0.039,0.019,0.014,0.016,0.004,0.002,0.006,0.002,0.000,0.002,0.142,0.190,0.339,0.171,0.103,0.041,0.004,0.008,0.000,0.000,0.000,0.000,0.000,0.002,0.567,0.324,0.074,0.023,0.008,0.002,0.000,0.000,0.000,0.002,0.718,0.159,0.056,0.014,0.012,0.041
Personal,Visitors,Trip End,5030000000001054201,Phalen,no,N/A,no,0: All Days (M-Su),0: All Day (12am-12am),1330,1756,1840,5.4,5.7,12,11,2.302,0.100,0.271,0.238,0.155,0.087,0.053,0.034,0.021,0.015,0.008,0.003,0.005,0.004,0.002,0.001,0.003,0.126,0.190,0.339,0.202,0.095,0.034,0.008,0.002,0.002,0.000,0.001,0.000,0.001,0.000,0.552,0.318,0.093,0.028,0.008,0.001,0.000,0.000,0.000,0.000,0.697,0.152,0.058,0.030,0.018,0.045
Personal,Visitors,Trip End,5030000000001054201,Phalen,no,N/A,no,0: All Days (M-Su),1: Morning (8am-12noon),234,1821,1930,6.5,6.7,14,13,2.321,0.111,0.236,0.234,0.175,0.100,0.043,0.024,0.021,0.021,0.006,0.009,0.006,0.003,0.006,0.000,0.005,0.109,0.197,0.306,0.174,0.137,0.057,0.016,0.002,0.002,0.000,0.000,0.000,0.000,0.000,0.513,0.272,0.128,0.070,0.017,0.000,0.000,0.000,0.000,0.000,0.698,0.139,0.066,0.024,0.024,0.049
Personal,Visitors,Trip End,5030000000001054201,Phalen,no,N/A,no,0: All Days (M-Su),2: Recreation Hours (8am-8pm),1133,1760,1837,5.4,5.6,12,11,2.287,0.096,0.268,0.244,0.159,0.091,0.052,0.032,0.019,0.015,0.007,0.003,0.005,0.003,0.002,0.001,0.003,0.122,0.185,0.341,0.209,0.097,0.033,0.008,0.003,0.002,0.000,0.000,0.000,0.000,0.000,0.540,0.328,0.093,0.030,0.008,0.001,0.000,0.000,0.000,0.000,0.699,0.155,0.059,0.028,0.015,0.044
Personal,Visitors,Trip End,5030000000001054201,Phalen,no,N/A,no,0: All Days (M-Su),3: Afternoon (12noon-4pm),338,1753,1840,5.5,5.9,12,11,2.401,0.098,0.256,0.240,0.171,0.097,0.050,0.036,0.018,0.012,0.008,0.001,0.005,0.003,0.001,0.001,0.003,0.129,0.165,0.316,0.237,0.110,0.028,0.006,0.005,0.003,0.000,0.000,0.000,0.001,0.000,0.499,0.366,0.103,0.029,0.002,0.001,0.000,0.000,0.000,0.000,0.698,0.149,0.057,0.036,0.016,0.044
Personal,Visitors,Trip End,5030000000001054201,Phalen,no,N/A,no,0: All Days (M-Su),4: Evening (4pm-8pm),561,1740,1796,4.9,5.0,11,10,2.204,0.089,0.290,0.251,0.144,0.083,0.056,0.034,0.018,0.014,0.007,0.002,0.005,0.003,0.001,0.001,0.002,0.124,0.193,0.367,0.207,0.073,0.025,0.007,0.002,0.001,0.000,0.001,0.000,0.000,0.000,0.576,0.329,0.073,0.014,0.007,0.001,0.000,0.000,0.000,0.000,0.699,0.165,0.058,0.025,0.011,0.042
Personal,Visitors,Trip End,5030000000001054201,Phalen,no,N/A,no,1: Weekday (M-F),0: All Day (12am-12am),1195,1712,1798,4.9,5.1,11,11,2.300,0.108,0.283,0.237,0.141,0.085,0.053,0.039,0.019,0.014,0.005,0.002,0.006,0.003,0.001,0.001,0.003,0.129,0.195,0.355,0.201,0.083,0.026,0.006,0.002,0.002,0.000,0.000,0.000,0.001,0.000,0.566,0.323,0.084,0.021,0.005,0.001,0.000,0.000,0.000,0.000,0.698,0.155,0.061,0.027,0.016,0.043
Personal,Visitors,Trip End,5030000000001054201,Phalen,no,N/A,no,1: Weekday (M-F),1: Morning (8am-12noon),180,1725,1847,5.7,6.1,13,12,2.238,0.125,0.259,0.221,0.150,0.105,0.040,0.031,0.014,0.023,0.006,0.006,0.008,0.006,0.003,0.000,0.003,0.122,0.215,0.321,0.164,0.113,0.045,0.017,0.000,0.003,0.000,0.000,0.000,0.000,0.000,0.528,0.300,0.110,0.051,0.011,0.000,0.000,0.000,0.000,0.000,0.694,0.130,0.082,0.023,0.031,0.040
Personal,Visitors,Trip End,5030000000001054201,Phalen,no,N/A,no,1: Weekday (M-F),2: Recreation Hours (8am-8pm),1007,1729,1815,4.9,5.2,11,11,2.295,0.101,0.275,0.244,0.147,0.087,0.053,0.037,0.018,0.015,0.006,0.002,0.006,0.003,0.002,0.001,0.003,0.122,0.187,0.358,0.207,0.085,0.029,0.006,0.003,0.002,0.000,0.000,0.000,0.001,0.000,0.552,0.334,0.085,0.023,0.006,0.000,0.000,0.000,0.000,0.000,0.698,0.157,0.062,0.025,0.015,0.043
Personal,Visitors,Trip End,5030000000001054201,Phalen,no,N/A,no,1: Weekday (M-F),3: Afternoon (12noon-4pm),276,1734,1840,5.3,5.8,12,11,2.507,0.106,0.257,0.243,0.165,0.091,0.049,0.042,0.016,0.009,0.004,0.000,0.007,0.002,0.002,0.002,0.005,0.112,0.165,0.337,0.238,0.106,0.026,0.005,0.005,0.004,0.000,0.000,0.000,0.002,0.000,0.498,0.367,0.102,0.031,0.002,0.000,0.000,0.000,0.000,0.000,0.700,0.148,0.057,0.035,0.016,0.044
Personal,Visitors,Trip End,5030000000001054201,Phalen,no,N/A,no,1: Weekday (M-F),4: Evening (4pm-8pm),551,1729,1791,4.5,4.7,10,10,2.207,0.092,0.289,0.251,0.137,0.080,0.059,0.037,0.020,0.015,0.006,0.002,0.005,0.003,0.001,0.001,0.002,0.127,0.190,0.382,0.206,0.065,0.025,0.002,0.002,0.001,0.000,0.000,0.000,0.000,0.000,0.590,0.327,0.068,0.010,0.005,0.000,0.000,0.000,0.000,0.000,0.699,0.170,0.059,0.020,0.009,0.043
Personal,Visitors,Trip End,5030000000001054201,Phalen,no,N/A,no,2: Weekend Day (Sa-Su),0: All Day (12am-12am),1696,1840,1919,6.4,6.6,13,12,2.305,0.085,0.254,0.240,0.181,0.092,0.052,0.023,0.024,0.015,0.013,0.005,0.004,0.005,0.003,0.001,0.003,0.120,0.182,0.310,0.204,0.116,0.047,0.013,0.003,0.002,0.000,0.002,0.000,0.000,0.001,0.522,0.308,0.111,0.043,0.013,0.002,0.000,0.001,0.000,0.000,0.697,0.147,0.052,0.035,0.021,0.048
Personal,Visitors,Trip End,5030000000001054201,Phalen,no,N/A,no,2: Weekend Day (Sa-Su),1: Morning (8am-12noon),380,1942,2034,7.5,7.6,15,14,2.425,0.093,0.207,0.250,0.207,0.093,0.046,0.014,0.029,0.018,0.007,0.014,0.004,0.000,0.011,0.000,0.007,0.093,0.175,0.289,0.186,0.168,0.071,0.014,0.004,0.000,0.000,0.000,0.000,0.000,0.000,0.496,0.236,0.150,0.093,0.025,0.000,0.000,0.000,0.000,0.000,0.704,0.150,0.046,0.025,0.014,0.061
Personal,Visitors,Trip End,5030000000001054201,Phalen,no,N/A,no,2: Weekend Day (Sa-Su),2: Recreation Hours (8am-8pm),1472,1817,1877,6.2,6.4,13,12,2.272,0.087,0.254,0.245,0.180,0.097,0.049,0.024,0.020,0.015,0.010,0.005,0.004,0.004,0.003,0.000,0.003,0.123,0.182,0.302,0.212,0.120,0.040,0.014,0.004,0.002,0.000,0.001,0.000,0.000,0.000,0.515,0.319,0.109,0.043,0.012,0.002,0.000,0.000,0.000,0.000,0.698,0.151,0.054,0.034,0.016,0.047
Personal,Visitors,Trip End,5030000000001054201,Phalen,no,N/A,no,2: Weekend Day (Sa-Su),3: Afternoon (12noon-4pm),504,1782,1840,5.9,6.1,12,11,2.248,0.088,0.252,0.236,0.180,0.106,0.050,0.027,0.021,0.016,0.013,0.003,0.003,0.005,0.000,0.000,0.000,0.154,0.164,0.281,0.236,0.117,0.032,0.008,0.005,0.003,0.000,0.000,0.000,0.000,0.000,0.501,0.363,0.103,0.027,0.003,0.003,0.000,0.000,0.000,0.000,0.693,0.151,0.058,0.037,0.016,0.045
Personal,Visitors,Trip End,5030000000001054201,Phalen,no,N/A,no,2: Weekend Day (Sa-Su),4: Evening (4pm-8pm),587,1768,1809,5.7,5.9,12,11,2.194,0.082,0.289,0.251,0.162,0.091,0.050,0.027,0.014,0.011,0.009,0.002,0.005,0.005,0.000,0.000,0.002,0.116,0.200,0.335,0.207,0.091,0.027,0.018,0.002,0.002,0.000,0.002,0.000,0.000,0.000,0.540,0.335,0.087,0.025,0.011,0.002,0.000,0.000,0.000,0.000,0.702,0.150,0.055,0.036,0.016,0.041
